<?xml version="1.0" encoding="UTF-8"?>
<project-private xmlns="http://www.netbeans.org/ns/project-private/1">
    <open-files xmlns="http://www.netbeans.org/ns/projectui-open-files/2">
        <group>
            <file>file:/C:/Users/12547785/Documents/NetBeansProjects/TesteDeExecucao/src/testedeexecucao/TesteDeExecucao.java</file>
            <file>file:/C:/Users/12547785/Documents/NetBeansProjects/TesteDeExecucao/src/testedeexecucao/Executavel.java</file>
            <file>file:/C:/Users/12547785/Documents/NetBeansProjects/TesteDeExecucao/src/testedeexecucao/Azul.java</file>
            <file>file:/C:/Users/12547785/Documents/NetBeansProjects/TesteDeExecucao/src/testedeexecucao/Verde.java</file>
            <file>file:/C:/Users/12547785/Documents/NetBeansProjects/TesteDeExecucao/src/testedeexecucao/Servidor.java</file>
        </group>
    </open-files>
</project-private>
