<?xml version="1.0" encoding="UTF-8"?>
<project-private xmlns="http://www.netbeans.org/ns/project-private/1">
    <editor-bookmarks xmlns="http://www.netbeans.org/ns/editor-bookmarks/2" lastBookmarkId="0"/>
    <open-files xmlns="http://www.netbeans.org/ns/projectui-open-files/2">
        <group>
            <file>file:/C:/Users/arthu/Documents/ARTHUR/EngComp/POO/atividade1/entrega/Atv1-questao2/src/atv1/questao2/driver_video.java</file>
            <file>file:/C:/Users/arthu/Documents/ARTHUR/EngComp/POO/atividade1/entrega/Atv1-questao2/src/atv1/questao2/driver_impressao.java</file>
            <file>file:/C:/Users/arthu/Documents/ARTHUR/EngComp/POO/atividade1/entrega/Atv1-questao2/src/atv1/questao2/driver_rede.java</file>
            <file>file:/C:/Users/arthu/Documents/ARTHUR/EngComp/POO/atividade1/entrega/Atv1-questao2/src/atv1/questao2/driver.java</file>
            <file>file:/C:/Users/arthu/Documents/ARTHUR/EngComp/POO/atividade1/entrega/Atv1-questao2/src/atv1/questao2/sistema_operacional.java</file>
            <file>file:/C:/Users/arthu/Documents/ARTHUR/EngComp/POO/atividade1/entrega/Atv1-questao2/src/atv1/questao2/Atv1Questao2.java</file>
        </group>
    </open-files>
</project-private>
