<?xml version="1.0" encoding="UTF-8"?>
<project-private xmlns="http://www.netbeans.org/ns/project-private/1">
    <editor-bookmarks xmlns="http://www.netbeans.org/ns/editor-bookmarks/2" lastBookmarkId="0"/>
    <open-files xmlns="http://www.netbeans.org/ns/projectui-open-files/2">
        <group>
            <file>file:/C:/Users/arthu/Documents/ARTHUR/EngComp/POO/atividade1/entrega/Atv1-questao1/src/atv1/questao1/tela_touch.java</file>
            <file>file:/C:/Users/arthu/Documents/ARTHUR/EngComp/POO/atividade1/entrega/Atv1-questao1/src/atv1/questao1/Atv1Questao1.java</file>
            <file>file:/C:/Users/arthu/Documents/ARTHUR/EngComp/POO/atividade1/entrega/Atv1-questao1/src/atv1/questao1/celular.java</file>
            <file>file:/C:/Users/arthu/Documents/ARTHUR/EngComp/POO/atividade1/entrega/Atv1-questao1/src/atv1/questao1/sistema_de_som.java</file>
            <file>file:/C:/Users/arthu/Documents/ARTHUR/EngComp/POO/atividade1/entrega/Atv1-questao1/src/atv1/questao1/sistema_de_comunicacao.java</file>
            <file>file:/C:/Users/arthu/Documents/ARTHUR/EngComp/POO/atividade1/entrega/Atv1-questao1/src/atv1/questao1/processador.java</file>
        </group>
    </open-files>
</project-private>
