<?xml version="1.0" encoding="UTF-8"?>
<project-private xmlns="http://www.netbeans.org/ns/project-private/1">
    <editor-bookmarks xmlns="http://www.netbeans.org/ns/editor-bookmarks/2" lastBookmarkId="0"/>
    <open-files xmlns="http://www.netbeans.org/ns/projectui-open-files/2">
        <group>
            <file>file:/C:/Users/arthu/Documents/ARTHUR/EngComp/POO/atividade1/entrega/atv1-questao3/src/atv1/questao3/Polinomio.java</file>
            <file>file:/C:/Users/arthu/Documents/ARTHUR/EngComp/POO/atividade1/entrega/atv1-questao3/src/atv1/questao3/Termo.java</file>
            <file>file:/C:/Users/arthu/Documents/ARTHUR/EngComp/POO/atividade1/entrega/atv1-questao3/src/atv1/questao3/Atv1Questao3.java</file>
        </group>
    </open-files>
</project-private>
